PassengerId,Survived,Sex,Age,Fare,PassengerClass1,PassengerClass2,PassengerClass3,Family_size,Mr,Mrs,Master,Miss,Emb_1,Emb_2,Emb_3
1,0,1,0.275,0.014151058,0,0,1,0.1,1,0,0,0,0,0,1
2,1,0,0.475,0.139135735,1,0,0,0.1,1,0,0,0,1,0,0
3,1,0,0.325,0.01546857,0,0,1,0,0,0,0,1,0,0,1
4,1,0,0.4375,0.103644297,1,0,0,0.1,1,0,0,0,0,0,1
5,0,1,0.4375,0.015712554,0,0,1,0,1,0,0,0,0,0,1
6,0,1,0.35,0.016509502,0,0,1,0,1,0,0,0,0,1,0
7,0,1,0.675,0.101228858,1,0,0,0,1,0,0,0,0,0,1
8,0,1,0.025,0.04113566,0,0,1,0.4,0,0,1,0,0,0,1
9,1,0,0.3375,0.021730754,0,0,1,0.2,1,0,0,0,0,0,1
10,1,0,0.175,0.058694293,0,1,0,0.1,1,0,0,0,1,0,0
11,1,0,0.05,0.032596229,0,0,1,0.2,0,0,0,1,0,0,1
12,1,0,0.725,0.051822149,1,0,0,0,0,0,0,1,0,0,1
13,0,1,0.25,0.015712554,0,0,1,0,1,0,0,0,0,0,1
14,0,1,0.4875,0.061044735,0,0,1,0.6,1,0,0,0,0,0,1
15,0,0,0.175,0.015330377,0,0,1,0,0,0,0,1,0,0,1
16,1,0,0.6875,0.03122992,0,1,0,0,1,0,0,0,0,0,1
17,0,1,0.025,0.056848214,0,0,1,0.5,0,0,1,0,0,1,0
18,1,1,0.35,0.02537431,0,1,0,0,1,0,0,0,0,0,1
19,0,0,0.3875,0.03513366,0,0,1,0.1,1,0,0,0,0,0,1
20,1,0,0.35,0.014102261,0,0,1,0,1,0,0,0,1,0,0
21,0,1,0.4375,0.05074862,0,1,0,0,1,0,0,0,0,0,1
22,1,1,0.425,0.02537431,0,1,0,0,1,0,0,0,0,0,1
23,1,0,0.1875,0.015671955,0,0,1,0,0,0,0,1,0,1,0
24,1,1,0.35,0.069291385,1,0,0,0,1,0,0,0,0,0,1
25,0,0,0.1,0.04113566,0,0,1,0.4,0,0,0,1,0,0,1
26,1,0,0.475,0.06126432,0,0,1,0.6,1,0,0,0,0,0,1
27,0,1,0.35,0.014102261,0,0,1,0,1,0,0,0,1,0,0
28,0,1,0.2375,0.513341812,1,0,0,0.5,1,0,0,0,0,0,1
29,1,0,0.35,0.015379174,0,0,1,0,0,0,0,1,0,1,0
30,0,1,0.35,0.015411575,0,0,1,0,1,0,0,0,0,0,1
31,0,1,0.5,0.054107398,1,0,0,0,1,0,0,0,1,0,0
32,1,0,0.35,0.285989555,1,0,0,0.1,1,0,0,0,1,0,0
33,1,0,0.35,0.015126993,0,0,1,0,0,0,0,1,0,1,0
34,0,1,0.825,0.020494635,0,1,0,0,1,0,0,0,0,0,1
35,0,1,0.35,0.16038672,1,0,0,0.1,1,0,0,0,1,0,0
36,0,1,0.525,0.10149724,1,0,0,0.1,1,0,0,0,0,0,1
37,1,1,0.35,0.014110459,0,0,1,0,1,0,0,0,1,0,0
38,0,1,0.2625,0.015712554,0,0,1,0,1,0,0,0,0,0,1
39,0,0,0.225,0.03513366,0,0,1,0.2,0,0,0,1,0,0,1
40,1,0,0.175,0.021942337,0,0,1,0.1,0,0,0,1,1,0,0
41,0,0,0.5,0.018493968,0,0,1,0.1,1,0,0,0,0,0,1
42,0,0,0.3375,0.04098927,0,1,0,0.1,1,0,0,0,0,0,1
43,0,1,0.35,0.015411575,0,0,1,0,1,0,0,0,1,0,0
44,1,0,0.0375,0.081157193,0,1,0,0.3,0,0,0,1,1,0,0
45,1,0,0.2375,0.015379174,0,0,1,0,0,0,0,1,0,1,0
46,0,1,0.35,0.015712554,0,0,1,0,1,0,0,0,0,0,1
47,0,1,0.35,0.030253985,0,0,1,0.1,1,0,0,0,0,1,0
48,1,0,0.35,0.015126993,0,0,1,0,0,0,0,1,0,1,0
49,0,1,0.35,0.04231498,0,0,1,0.2,1,0,0,0,1,0,0
50,0,0,0.225,0.034743286,0,0,1,0.1,1,0,0,0,0,0,1
51,0,1,0.0875,0.077464841,0,0,1,0.5,0,0,1,0,0,0,1
52,0,1,0.2625,0.015224586,0,0,1,0,1,0,0,0,0,0,1
53,1,0,0.6125,0.149765424,1,0,0,0.1,1,0,0,0,1,0,0
54,1,0,0.3625,0.05074862,0,1,0,0.1,1,0,0,0,0,0,1
55,0,1,0.8125,0.120975342,1,0,0,0.1,1,0,0,0,1,0,0
56,1,1,0.35,0.069291385,1,0,0,0,1,0,0,0,0,0,1
57,1,0,0.2625,0.020494635,0,1,0,0,0,0,0,1,0,0,1
58,0,1,0.35625,0.014110459,0,0,1,0,1,0,0,0,1,0,0
59,1,0,0.0625,0.054164393,0,1,0,0.3,0,0,0,1,0,0,1
60,0,1,0.1375,0.091542703,0,0,1,0.7,0,0,1,0,0,0,1
61,0,1,0.275,0.014110459,0,0,1,0,1,0,0,0,1,0,0
62,1,0,0.475,0.156149601,1,0,0,0,0,0,0,1,0,0,0
63,0,1,0.5625,0.162932349,1,0,0,0.1,1,0,0,0,0,0,1
64,0,1,0.05,0.054457173,0,0,1,0.5,0,0,1,0,0,0,1
65,0,1,0.35,0.054107398,1,0,0,0,1,0,0,0,1,0,0
66,1,1,0.35,0.02975782,0,0,1,0.2,0,0,1,0,1,0,0
67,1,0,0.3625,0.020494635,0,1,0,0,1,0,0,0,0,0,1
68,0,1,0.2375,0.015923941,0,0,1,0,1,0,0,0,0,0,1
69,1,0,0.2125,0.01546857,0,0,1,0.6,0,0,0,1,0,0,1
70,0,1,0.325,0.016908074,0,0,1,0.2,1,0,0,0,0,0,1
71,0,1,0.4,0.020494635,0,1,0,0,1,0,0,0,0,0,1
72,0,0,0.2,0.091542703,0,0,1,0.7,0,0,0,1,0,0,1
73,0,1,0.2625,0.143462446,0,1,0,0,1,0,0,0,0,0,1
74,0,1,0.325,0.028212719,0,0,1,0.1,1,0,0,0,1,0,0
75,1,1,0.4,0.110272458,0,0,1,0,1,0,0,0,0,0,1
76,0,1,0.3125,0.014931806,0,0,1,0,1,0,0,0,0,0,1
77,0,1,0.35,0.015411575,0,0,1,0,1,0,0,0,0,0,1
78,0,1,0.35,0.015712554,0,0,1,0,1,0,0,0,0,0,1
79,1,1,0.010375,0.05660423,0,1,0,0.2,0,0,1,0,0,0,1
80,1,0,0.375,0.024349578,0,0,1,0,0,0,0,1,0,0,1
81,0,1,0.275,0.01756683,0,0,1,0,1,0,0,0,0,0,1
82,1,1,0.3625,0.018542765,0,0,1,0,1,0,0,0,0,0,1
83,1,0,0.35,0.015200188,0,0,1,0,0,0,0,1,0,1,0
84,0,1,0.35,0.091933077,1,0,0,0,1,0,0,0,0,0,1
85,1,0,0.2125,0.020494635,0,1,0,0,0,0,0,1,0,0,1
86,1,0,0.4125,0.03093714,0,0,1,0.3,1,0,0,0,0,0,1
87,0,1,0.2,0.067095532,0,0,1,0.4,1,0,0,0,0,0,1
88,0,1,0.35,0.015712554,0,0,1,0,1,0,0,0,0,0,1
89,1,0,0.2875,0.513341812,1,0,0,0.5,0,0,0,1,0,0,1
90,0,1,0.3,0.015712554,0,0,1,0,1,0,0,0,0,0,1
91,0,1,0.3625,0.015712554,0,0,1,0,1,0,0,0,0,0,1
92,0,1,0.25,0.015330377,0,0,1,0,1,0,0,0,0,0,1
93,0,1,0.575,0.119405648,1,0,0,0.1,1,0,0,0,0,0,1
94,0,1,0.325,0.040159725,0,0,1,0.3,1,0,0,0,0,0,1
95,0,1,0.7375,0.014151058,0,0,1,0,1,0,0,0,0,0,1
96,0,1,0.35,0.015712554,0,0,1,0,1,0,0,0,0,0,1
97,0,1,0.8875,0.067640494,1,0,0,0,1,0,0,0,1,0,0
98,1,1,0.2875,0.123667166,1,0,0,0.1,1,0,0,0,1,0,0
99,1,0,0.425,0.04489301,0,1,0,0.1,1,0,0,0,0,0,1
100,0,1,0.425,0.05074862,0,1,0,0.1,1,0,0,0,0,0,1
101,0,0,0.35,0.015411575,0,0,1,0,0,0,0,1,0,0,1
102,0,1,0.35,0.015411575,0,0,1,0,1,0,0,0,0,0,1
103,0,1,0.2625,0.150855153,1,0,0,0.1,1,0,0,0,0,0,1
104,0,1,0.4125,0.016891873,0,0,1,0,1,0,0,0,0,0,1
105,0,1,0.4625,0.01546857,0,0,1,0.2,1,0,0,0,0,0,1
106,0,1,0.35,0.015411575,0,0,1,0,1,0,0,0,0,0,1
107,1,0,0.2625,0.014931806,0,0,1,0,0,0,0,1,0,0,1
108,1,1,0.35,0.015175789,0,0,1,0,1,0,0,0,0,0,1
109,0,1,0.475,0.015411575,0,0,1,0,1,0,0,0,0,0,1
110,1,0,0.35,0.047137661,0,0,1,0.1,0,0,0,1,0,1,0
111,0,1,0.5875,0.10149724,1,0,0,0,1,0,0,0,0,0,1
112,0,0,0.18125,0.028212719,0,0,1,0.1,0,0,0,1,1,0,0
113,0,1,0.275,0.015712554,0,0,1,0,1,0,0,0,0,0,1
114,0,0,0.25,0.019177123,0,0,1,0.1,0,0,0,1,0,0,1
115,0,0,0.2125,0.028220722,0,0,1,0,0,0,0,1,1,0,0
116,0,1,0.2625,0.01546857,0,0,1,0,1,0,0,0,0,0,1
117,0,1,0.88125,0.015126993,0,0,1,0,1,0,0,0,0,1,0
118,0,1,0.3625,0.04098927,0,1,0,0.1,1,0,0,0,0,0,1
119,0,1,0.3,0.483128426,1,0,0,0.1,1,0,0,0,1,0,0
120,0,0,0.025,0.061044735,0,0,1,0.6,0,0,0,1,0,0,1
121,0,1,0.2625,0.143462446,0,1,0,0.2,1,0,0,0,0,0,1
122,0,1,0.35,0.015712554,0,0,1,0,1,0,0,0,0,0,1
123,0,1,0.40625,0.058694293,0,1,0,0.1,1,0,0,0,1,0,0
124,1,0,0.40625,0.02537431,0,1,0,0,0,0,0,1,0,0,1
125,0,1,0.675,0.150855153,1,0,0,0.1,1,0,0,0,0,0,1
126,1,1,0.15,0.021942337,0,0,1,0.1,0,0,1,0,1,0,0
127,0,1,0.35,0.015126993,0,0,1,0,1,0,0,0,0,1,0
128,1,1,0.3,0.01393967,0,0,1,0,1,0,0,0,0,0,1
129,1,0,0.35,0.043640495,0,0,1,0.2,0,0,0,1,1,0,0
130,0,1,0.5625,0.013614293,0,0,1,0,1,0,0,0,0,0,1
131,0,1,0.4125,0.015411575,0,0,1,0,1,0,0,0,1,0,0
132,0,1,0.25,0.013760684,0,0,1,0,1,0,0,0,0,0,1
133,0,0,0.5875,0.028302115,0,0,1,0.1,1,0,0,0,0,0,1
134,1,0,0.3625,0.05074862,0,1,0,0.1,1,0,0,0,0,0,1
135,0,1,0.3125,0.02537431,0,1,0,0,1,0,0,0,0,0,1
136,0,1,0.2875,0.029367446,0,1,0,0,1,0,0,0,1,0,0
137,1,0,0.2375,0.051301585,1,0,0,0.2,0,0,0,1,0,0,1
138,0,1,0.4625,0.103644297,1,0,0,0.1,1,0,0,0,0,0,1
139,0,1,0.2,0.0179898,0,0,1,0,1,0,0,0,0,0,1
140,0,1,0.3,0.154588105,1,0,0,0,1,0,0,0,1,0,0
141,0,0,0.35,0.02975782,0,0,1,0.2,1,0,0,0,1,0,0
142,1,0,0.275,0.015126993,0,0,1,0,0,0,0,1,0,0,1
143,1,0,0.3,0.03093714,0,0,1,0.1,1,0,0,0,0,0,1
144,0,1,0.2375,0.013175123,0,0,1,0,1,0,0,0,0,1,0
145,0,1,0.225,0.022446505,0,1,0,0,1,0,0,0,0,0,1
146,0,1,0.2375,0.071731223,0,1,0,0.2,1,0,0,0,0,0,1
147,1,1,0.3375,0.015216388,0,0,1,0,1,0,0,0,0,0,1
148,0,0,0.1125,0.067095532,0,0,1,0.4,0,0,0,1,0,0,1
149,0,1,0.45625,0.05074862,0,1,0,0.2,1,0,0,0,0,0,1
150,0,1,0.525,0.02537431,0,1,0,0,1,0,0,0,0,0,1
151,0,1,0.6375,0.024447172,0,1,0,0,1,0,0,0,0,0,1
152,1,0,0.275,0.129994543,1,0,0,0.1,1,0,0,0,0,0,1
153,0,1,0.69375,0.015712554,0,0,1,0,1,0,0,0,0,0,1
154,0,1,0.50625,0.028302115,0,0,1,0.2,1,0,0,0,0,0,1
155,0,1,0.35,0.014273049,0,0,1,0,1,0,0,0,0,0,1
156,0,1,0.6375,0.11980422,1,0,0,0.1,1,0,0,0,1,0,0
157,1,0,0.2,0.015094396,0,0,1,0,0,0,0,1,0,1,0
158,0,1,0.375,0.015712554,0,0,1,0,1,0,0,0,0,0,1
159,0,1,0.35,0.016908074,0,0,1,0,1,0,0,0,0,0,1
160,0,1,0.35,0.135752559,0,0,1,1,0,0,1,0,0,0,1
161,0,1,0.55,0.031425107,0,0,1,0.1,1,0,0,0,0,0,1
162,1,0,0.5,0.030741953,0,1,0,0,1,0,0,0,0,0,1
163,0,1,0.325,0.015175789,0,0,1,0,1,0,0,0,0,0,1
164,0,1,0.2125,0.016908074,0,0,1,0,1,0,0,0,0,0,1
165,0,1,0.0125,0.077464841,0,0,1,0.5,0,0,1,0,0,0,1
166,1,1,0.1125,0.040062132,0,0,1,0.2,0,0,1,0,0,0,1
167,1,0,0.35,0.10735285,1,0,0,0.1,1,0,0,0,0,0,1
168,0,0,0.5625,0.054457173,0,0,1,0.5,1,0,0,0,0,0,1
169,0,1,0.35,0.05060223,1,0,0,0,1,0,0,0,0,0,1
170,0,1,0.35,0.110272458,0,0,1,0,1,0,0,0,0,0,1
171,0,1,0.7625,0.065387645,1,0,0,0,1,0,0,0,0,0,1
172,0,1,0.05,0.056848214,0,0,1,0.5,0,0,1,0,0,1,0
173,1,0,0.0125,0.021730754,0,0,1,0.2,0,0,0,1,0,0,1
174,0,1,0.2625,0.01546857,0,0,1,0,1,0,0,0,0,0,1
175,0,1,0.7,0.059914211,1,0,0,0,1,0,0,0,1,0,0
176,0,1,0.225,0.015330377,0,0,1,0.2,1,0,0,0,0,0,1
177,0,1,0.35,0.049707688,0,0,1,0.4,0,0,1,0,0,0,1
178,0,0,0.625,0.056043068,1,0,0,0,0,0,0,1,1,0,0
179,0,1,0.375,0.02537431,0,1,0,0,1,0,0,0,0,0,1
180,0,1,0.45,0,0,0,1,0,1,0,0,0,0,0,1
181,0,0,0.35,0.135752559,0,0,1,1,0,0,0,1,0,0,1
182,0,1,0.35,0.029375644,0,1,0,0,1,0,0,0,1,0,0
183,0,1,0.1125,0.06126432,0,0,1,0.6,0,0,1,0,0,0,1
184,1,1,0.0125,0.07612293,0,1,0,0.3,0,0,1,0,0,0,1
185,1,0,0.05,0.042989937,0,0,1,0.2,0,0,0,1,0,0,1
186,0,1,0.35,0.0975935,1,0,0,0,1,0,0,0,0,0,1
187,1,0,0.35,0.030253985,0,0,1,0.1,1,0,0,0,0,1,0
188,1,1,0.5625,0.051822149,1,0,0,0,1,0,0,0,0,0,1
189,0,1,0.5,0.030253985,0,0,1,0.2,1,0,0,0,0,1,0
190,0,1,0.45,0.015411575,0,0,1,0,1,0,0,0,0,0,1
191,1,0,0.4,0.02537431,0,1,0,0,1,0,0,0,0,0,1
192,0,1,0.2375,0.02537431,0,1,0,0,1,0,0,0,0,0,1
193,1,0,0.2375,0.015330377,0,0,1,0.1,0,0,0,1,0,0,1
194,1,1,0.0375,0.05074862,0,1,0,0.2,0,0,1,0,0,0,1
195,1,0,0.55,0.054107398,1,0,0,0,1,0,0,0,1,0,0
196,1,0,0.725,0.285989555,1,0,0,0,0,0,0,1,1,0,0
197,0,1,0.35,0.015126993,0,0,1,0,1,0,0,0,0,1,0
198,0,1,0.525,0.016403906,0,0,1,0.1,1,0,0,0,0,0,1
199,1,0,0.35,0.015126993,0,0,1,0,0,0,0,1,0,1,0
200,0,0,0.3,0.02537431,0,1,0,0,1,0,0,0,0,0,1
201,0,1,0.35,0.018542765,0,0,1,0,1,0,0,0,0,0,1
202,0,1,0.35,0.135752559,0,0,1,1,1,0,0,0,0,0,1
203,0,1,0.425,0.012678957,0,0,1,0,1,0,0,0,0,0,1
204,0,1,0.56875,0.014102261,0,0,1,0,1,0,0,0,1,0,0
205,1,1,0.225,0.015712554,0,0,1,0,1,0,0,0,0,0,1
206,0,0,0.025,0.02042144,0,0,1,0.1,0,0,0,1,0,0,1
207,0,1,0.4,0.03093714,0,0,1,0.1,1,0,0,0,0,0,1
208,1,1,0.325,0.036670758,0,0,1,0,1,0,0,0,1,0,0
209,1,0,0.2,0.015126993,0,0,1,0,0,0,0,1,0,1,0
210,1,1,0.5,0.06050797,1,0,0,0,1,0,0,0,1,0,0
211,0,1,0.3,0.013760684,0,0,1,0,1,0,0,0,0,0,1
212,1,0,0.4375,0.04098927,0,1,0,0,0,0,0,1,0,0,1
213,0,1,0.275,0.014151058,0,0,1,0,1,0,0,0,0,0,1
214,0,1,0.375,0.02537431,0,1,0,0,1,0,0,0,0,0,1
215,0,1,0.35,0.015126993,0,0,1,0.1,1,0,0,0,0,1,0
216,1,0,0.3875,0.221098075,1,0,0,0.1,0,0,0,1,1,0,0
217,1,0,0.3375,0.01546857,0,0,1,0,0,0,0,1,0,0,1
218,0,1,0.525,0.05270049,0,1,0,0.1,1,0,0,0,0,0,1
219,1,0,0.4,0.148911481,1,0,0,0,0,0,0,1,1,0,0
220,0,1,0.375,0.020494635,0,1,0,0,1,0,0,0,0,0,1
221,1,1,0.2,0.015712554,0,0,1,0,1,0,0,0,0,0,1
222,0,1,0.3375,0.02537431,0,1,0,0,1,0,0,0,0,0,1
223,0,1,0.6375,0.015712554,0,0,1,0,1,0,0,0,0,0,1
224,0,1,0.35,0.015411575,0,0,1,0,1,0,0,0,0,0,1
225,1,1,0.475,0.175668301,1,0,0,0.1,1,0,0,0,0,0,1
226,0,1,0.275,0.018249985,0,0,1,0,1,0,0,0,0,0,1
227,1,1,0.2375,0.020494635,0,1,0,0,1,0,0,0,0,0,1
228,0,1,0.25625,0.014151058,0,0,1,0,1,0,0,0,0,0,1
229,0,1,0.225,0.02537431,0,1,0,0,1,0,0,0,0,0,1
230,0,0,0.35,0.049707688,0,0,1,0.4,0,0,0,1,0,0,1
231,1,0,0.4375,0.162932349,1,0,0,0.1,1,0,0,0,0,0,1
232,0,1,0.3625,0.015175789,0,0,1,0,1,0,0,0,0,0,1
233,0,1,0.7375,0.026350245,0,1,0,0,1,0,0,0,0,0,1
234,1,0,0.0625,0.06126432,0,0,1,0.6,0,0,0,1,0,0,1
235,0,1,0.3,0.020494635,0,1,0,0,1,0,0,0,0,0,1
236,0,0,0.35,0.014736619,0,0,1,0,0,0,0,1,0,0,1
237,0,1,0.55,0.05074862,0,1,0,0.1,1,0,0,0,0,0,1
238,1,0,0.1,0.051236588,0,1,0,0.2,0,0,0,1,0,0,1
239,0,1,0.2375,0.020494635,0,1,0,0,1,0,0,0,0,0,1
240,0,1,0.4125,0.023959204,0,1,0,0,1,0,0,0,0,0,1
241,0,0,0.35,0.028212719,0,0,1,0.1,0,0,0,1,1,0,0
242,1,0,0.35,0.030253985,0,0,1,0.1,0,0,0,1,0,1,0
243,0,1,0.3625,0.020494635,0,1,0,0,1,0,0,0,0,0,1
244,0,1,0.275,0.013907074,0,0,1,0,1,0,0,0,0,0,1
245,0,1,0.375,0.014102261,0,0,1,0,1,0,0,0,1,0,0
246,0,1,0.55,0.175668301,1,0,0,0.2,1,0,0,0,0,1,0
247,0,0,0.3125,0.015175789,0,0,1,0,0,0,0,1,0,0,1
248,1,0,0.3,0.028302115,0,1,0,0.2,1,0,0,0,0,0,1
249,1,1,0.4625,0.102578967,1,0,0,0.2,1,0,0,0,0,0,1
250,0,1,0.675,0.05074862,0,1,0,0.1,1,0,0,0,0,0,1
251,0,1,0.35,0.014151058,0,0,1,0,1,0,0,0,0,0,1
252,0,0,0.3625,0.02042144,0,0,1,0.2,1,0,0,0,0,0,1
253,0,1,0.775,0.051822149,1,0,0,0,1,0,0,0,0,0,1
254,0,1,0.375,0.031425107,0,0,1,0.1,1,0,0,0,0,0,1
255,0,0,0.5125,0.039452173,0,0,1,0.2,1,0,0,0,0,0,1
256,1,0,0.3625,0.02975782,0,0,1,0.2,1,0,0,0,1,0,0
257,1,0,0.35,0.154588105,1,0,0,0,1,0,0,0,1,0,0
258,1,0,0.375,0.168836756,1,0,0,0,0,0,0,1,0,0,1
259,1,0,0.4375,1,1,0,0,0,0,0,0,1,1,0,0
260,1,0,0.625,0.05074862,0,1,0,0.1,1,0,0,0,0,0,1
261,0,1,0.35,0.015126993,0,0,1,0,1,0,0,0,0,1,0
262,1,1,0.0375,0.06126432,0,0,1,0.6,0,0,1,0,0,0,1
263,0,1,0.65,0.155466446,1,0,0,0.2,1,0,0,0,0,0,1
264,0,1,0.5,0,1,0,0,0,1,0,0,0,0,0,1
265,0,0,0.35,0.015126993,0,0,1,0,0,0,0,1,0,1,0
266,0,1,0.45,0.020494635,0,1,0,0,1,0,0,0,0,0,1
267,0,1,0.2,0.077464841,0,0,1,0.5,1,0,0,0,0,0,1
268,1,1,0.3125,0.015175789,0,0,1,0.1,1,0,0,0,0,0,1
269,1,0,0.725,0.299538851,1,0,0,0.1,1,0,0,0,0,0,1
270,1,0,0.4375,0.26473857,1,0,0,0,0,0,0,1,0,0,1
271,0,1,0.35,0.06050797,1,0,0,0,1,0,0,0,0,0,1
272,1,1,0.3125,0,0,0,1,0,1,0,0,0,0,0,1
273,1,0,0.5125,0.038061465,0,1,0,0.1,1,0,0,0,0,0,1
274,0,1,0.4625,0.057970539,1,0,0,0.1,1,0,0,0,1,0,0
275,1,0,0.35,0.015126993,0,0,1,0,0,0,0,1,0,1,0
276,1,0,0.7875,0.152164468,1,0,0,0.1,0,0,0,1,0,0,1
277,0,0,0.5625,0.015126993,0,0,1,0,0,0,0,1,0,0,1
278,0,1,0.35,0,0,1,0,0,1,0,0,0,0,0,1
279,0,1,0.0875,0.056848214,0,0,1,0.5,0,0,1,0,0,1,0
280,1,0,0.4375,0.039525368,0,0,1,0.2,1,0,0,0,0,0,1
281,0,1,0.8125,0.015126993,0,0,1,0,1,0,0,0,0,1,0
282,0,1,0.35,0.015330377,0,0,1,0,1,0,0,0,0,0,1
283,0,1,0.2,0.018542765,0,0,1,0,1,0,0,0,0,0,1
284,1,1,0.2375,0.015712554,0,0,1,0,1,0,0,0,0,0,1
285,0,1,0.35,0.05074862,1,0,0,0,1,0,0,0,0,0,1
286,0,1,0.4125,0.016908074,0,0,1,0,1,0,0,0,1,0,0
287,1,1,0.375,0.018542765,0,0,1,0,1,0,0,0,0,0,1
288,0,1,0.275,0.015411575,0,0,1,0,1,0,0,0,0,0,1
289,1,1,0.525,0.02537431,0,1,0,0,1,0,0,0,0,0,1
290,1,0,0.275,0.015126993,0,0,1,0,0,0,0,1,0,1,0
291,1,0,0.325,0.15390495,1,0,0,0,0,0,0,1,0,0,1
292,1,0,0.2375,0.177774759,1,0,0,0.1,1,0,0,0,1,0,0
293,0,1,0.45,0.025130326,0,1,0,0,1,0,0,0,1,0,0
294,0,0,0.3,0.01727405,0,0,1,0,0,0,0,1,0,0,1
295,0,1,0.3,0.015411575,0,0,1,0,1,0,0,0,0,0,1
296,0,1,0.35,0.054107398,1,0,0,0,1,0,0,0,1,0,0
297,0,1,0.29375,0.014110459,0,0,1,0,1,0,0,0,1,0,0
298,0,0,0.025,0.2958059,1,0,0,0.3,0,0,0,1,0,0,1
299,1,1,0.35,0.059532035,1,0,0,0,1,0,0,0,0,0,1
300,1,0,0.625,0.483128426,1,0,0,0.1,1,0,0,0,1,0,0
301,1,0,0.35,0.015126993,0,0,1,0,0,0,0,1,0,1,0
302,1,1,0.35,0.045380978,0,0,1,0.2,1,0,0,0,0,1,0
303,0,1,0.2375,0,0,0,1,0,1,0,0,0,0,0,1
304,1,0,0.35,0.024105595,0,1,0,0,0,0,0,1,0,1,0
305,0,1,0.35,0.015712554,0,0,1,0,1,0,0,0,0,0,1
306,1,1,0.0115,0.2958059,1,0,0,0.3,0,0,1,0,0,0,1
307,1,0,0.35,0.216429788,1,0,0,0,0,0,0,1,1,0,0
308,1,0,0.2125,0.212558644,1,0,0,0.1,1,0,0,0,1,0,0
309,0,1,0.375,0.04684488,0,1,0,0.1,1,0,0,0,1,0,0
310,1,0,0.375,0.111118398,1,0,0,0,0,0,0,1,1,0,0
311,1,0,0.3,0.162314192,1,0,0,0,0,0,0,1,1,0,0
312,1,0,0.225,0.512121894,1,0,0,0.4,0,0,0,1,1,0,0
313,0,0,0.325,0.05074862,0,1,0,0.2,1,0,0,0,0,0,1
314,0,1,0.35,0.015411575,0,0,1,0,1,0,0,0,0,0,1
315,0,1,0.5375,0.051236588,0,1,0,0.2,1,0,0,0,0,0,1
316,1,0,0.325,0.015330377,0,0,1,0,0,0,0,1,0,0,1
317,1,0,0.3,0.05074862,0,1,0,0.1,1,0,0,0,0,0,1
318,0,1,0.675,0.02732618,0,1,0,0,1,0,0,0,0,0,1
319,1,0,0.3875,0.321798367,1,0,0,0.2,0,0,0,1,0,0,1
320,1,0,0.5,0.262526516,1,0,0,0.2,1,0,0,0,1,0,0
321,0,1,0.275,0.014151058,0,0,1,0,1,0,0,0,0,0,1
322,0,1,0.3375,0.015411575,0,0,1,0,1,0,0,0,0,0,1
323,1,0,0.375,0.024105595,0,1,0,0,0,0,0,1,0,1,0
324,1,0,0.275,0.05660423,0,1,0,0.2,1,0,0,0,0,0,1
325,0,1,0.35,0.135752559,0,0,1,1,1,0,0,0,0,0,1
326,1,0,0.45,0.26473857,1,0,0,0,0,0,0,1,1,0,0
327,0,1,0.7625,0.012174789,0,0,1,0,1,0,0,0,0,0,1
328,1,0,0.45,0.02537431,0,1,0,0,1,0,0,0,0,0,1
329,1,0,0.3875,0.040062132,0,0,1,0.2,1,0,0,0,0,0,1
330,1,0,0.2,0.113167862,1,0,0,0.1,0,0,0,1,1,0,0
331,1,0,0.35,0.045380978,0,0,1,0.2,0,0,0,1,0,1,0
332,0,1,0.56875,0.055628295,1,0,0,0,1,0,0,0,0,0,1
333,0,1,0.475,0.299538851,1,0,0,0.1,1,0,0,0,0,0,1
334,0,1,0.2,0.03513366,0,0,1,0.2,1,0,0,0,0,0,1
335,1,0,0.35,0.260867427,1,0,0,0.1,1,0,0,0,0,0,1
336,0,1,0.35,0.015411575,0,0,1,0,1,0,0,0,0,0,1
337,0,1,0.3625,0.129994543,1,0,0,0.1,1,0,0,0,0,0,1
338,1,0,0.5125,0.262526516,1,0,0,0,0,0,0,1,1,0,0
339,1,1,0.5625,0.015712554,0,0,1,0,1,0,0,0,0,0,1
340,0,1,0.5625,0.069291385,1,0,0,0,1,0,0,0,0,0,1
341,1,1,0.025,0.05074862,0,1,0,0.2,0,0,1,0,0,0,1
342,1,0,0.3,0.513341812,1,0,0,0.5,0,0,0,1,0,0,1
343,0,1,0.35,0.02537431,0,1,0,0,1,0,0,0,0,0,1
344,0,1,0.3125,0.02537431,0,1,0,0,1,0,0,0,0,0,1
345,0,1,0.45,0.02537431,0,1,0,0,1,0,0,0,0,0,1
346,1,0,0.3,0.02537431,0,1,0,0,0,0,0,1,0,0,1
347,1,0,0.5,0.02537431,0,1,0,0,0,0,0,1,0,0,1
348,1,0,0.35,0.031425107,0,0,1,0.1,1,0,0,0,0,0,1
349,1,1,0.0375,0.031034733,0,0,1,0.2,0,0,1,0,0,0,1
350,0,1,0.525,0.016908074,0,0,1,0,1,0,0,0,0,0,1
351,0,1,0.2875,0.018006001,0,0,1,0,1,0,0,0,0,0,1
352,0,1,0.35,0.06831545,1,0,0,0,1,0,0,0,0,0,1
353,0,1,0.1875,0.014110459,0,0,1,0.2,1,0,0,0,1,0,0
354,0,1,0.3125,0.034743286,0,0,1,0.1,1,0,0,0,0,0,1
355,0,1,0.35,0.014102261,0,0,1,0,1,0,0,0,1,0,0
356,0,1,0.35,0.018542765,0,0,1,0,1,0,0,0,0,0,1
357,1,0,0.275,0.10735285,1,0,0,0.1,0,0,0,1,0,0,1
358,0,0,0.475,0.02537431,0,1,0,0,0,0,0,1,0,0,1
359,1,0,0.35,0.015379174,0,0,1,0,0,0,0,1,0,1,0
360,1,0,0.35,0.015379174,0,0,1,0,0,0,0,1,0,1,0
361,0,1,0.5,0.054457173,0,0,1,0.5,1,0,0,0,0,0,1
362,0,1,0.3625,0.054107398,0,1,0,0.1,1,0,0,0,1,0,0
363,0,0,0.5625,0.028212719,0,0,1,0.1,1,0,0,0,1,0,0
364,0,1,0.4375,0.013760684,0,0,1,0,1,0,0,0,0,0,1
365,0,1,0.35,0.030253985,0,0,1,0.1,1,0,0,0,0,1,0
366,0,1,0.375,0.014151058,0,0,1,0,1,0,0,0,0,0,1
367,1,0,0.75,0.146878218,1,0,0,0.1,1,0,0,0,1,0,0
368,1,0,0.35,0.014110459,0,0,1,0,1,0,0,0,1,0,0
369,1,0,0.35,0.015126993,0,0,1,0,0,0,0,1,0,1,0
370,1,0,0.3,0.135264592,1,0,0,0,0,1,0,0,1,0,0
371,1,1,0.3125,0.108214991,1,0,0,0.1,1,0,0,0,1,0,0
372,0,1,0.225,0.012678957,0,0,1,0.1,1,0,0,0,0,0,1
373,0,1,0.2375,0.015712554,0,0,1,0,1,0,0,0,0,0,1
374,0,1,0.275,0.26473857,1,0,0,0,1,0,0,0,1,0,0
375,0,0,0.0375,0.04113566,0,0,1,0.4,0,0,0,1,0,0,1
376,1,0,0.35,0.16038672,1,0,0,0.1,1,0,0,0,1,0,0
377,1,0,0.275,0.014151058,0,0,1,0,0,0,0,1,0,0,1
378,0,1,0.3375,0.412820507,1,0,0,0.2,1,0,0,0,1,0,0
379,0,1,0.25,0.007831878,0,0,1,0,1,0,0,0,1,0,0
380,0,1,0.2375,0.015175789,0,0,1,0,1,0,0,0,0,0,1
381,1,0,0.525,0.444099224,1,0,0,0,0,0,0,1,1,0,0
382,1,0,0.0125,0.030725752,0,0,1,0.2,0,0,0,1,1,0,0
383,0,1,0.4,0.01546857,0,0,1,0,1,0,0,0,0,0,1
384,1,0,0.4375,0.10149724,1,0,0,0.1,1,0,0,0,0,0,1
385,0,1,0.35,0.015411575,0,0,1,0,1,0,0,0,0,0,1
386,0,1,0.225,0.143462446,0,1,0,0,1,0,0,0,0,0,1
387,0,1,0.0125,0.091542703,0,0,1,0.7,0,0,1,0,0,0,1
388,1,0,0.45,0.02537431,0,1,0,0,0,0,0,1,0,0,1
389,0,1,0.35,0.015086394,0,0,1,0,1,0,0,0,0,1,0
390,1,0,0.2125,0.02342244,0,1,0,0,0,0,0,1,1,0,0
391,1,1,0.45,0.234224401,1,0,0,0.3,1,0,0,0,0,0,1
392,1,1,0.2625,0.015216388,0,0,1,0,1,0,0,0,0,0,1
393,0,1,0.35,0.01546857,0,0,1,0.2,1,0,0,0,0,0,1
394,1,0,0.2875,0.221098075,1,0,0,0.1,0,0,0,1,1,0,0
395,1,0,0.3,0.032596229,0,0,1,0.2,1,0,0,0,0,0,1
396,0,1,0.275,0.015216388,0,0,1,0,1,0,0,0,0,0,1
397,0,0,0.3875,0.015330377,0,0,1,0,0,0,0,1,0,0,1
398,0,1,0.575,0.05074862,0,1,0,0,1,0,0,0,0,0,1
399,0,1,0.2875,0.020494635,0,1,0,0,1,0,0,0,0,0,1
400,1,0,0.35,0.024691156,0,1,0,0,1,0,0,0,0,0,1
401,1,1,0.4875,0.01546857,0,0,1,0,1,0,0,0,0,0,1
402,0,1,0.325,0.015712554,0,0,1,0,1,0,0,0,0,0,1
403,0,0,0.2625,0.019177123,0,0,1,0.1,0,0,0,1,0,0,1
404,0,1,0.35,0.03093714,0,0,1,0.1,1,0,0,0,0,0,1
405,0,0,0.25,0.016908074,0,0,1,0,0,0,0,1,0,0,1
406,0,1,0.425,0.04098927,0,1,0,0.1,1,0,0,0,0,0,1
407,0,1,0.6375,0.015126993,0,0,1,0,1,0,0,0,0,0,1
408,1,1,0.0375,0.036597563,0,1,0,0.2,0,0,1,0,0,0,1
409,0,1,0.2625,0.015175789,0,0,1,0,1,0,0,0,0,0,1
410,0,0,0.35,0.049707688,0,0,1,0.4,0,0,0,1,0,0,1
411,0,1,0.35,0.015411575,0,0,1,0,1,0,0,0,0,0,1
412,0,1,0.35,0.01338651,0,0,1,0,1,0,0,0,0,1,0
413,1,0,0.4125,0.175668301,1,0,0,0.1,0,0,0,1,0,1,0
414,0,1,0.35,0,0,1,0,0,1,0,0,0,0,0,1
415,1,1,0.55,0.01546857,0,0,1,0,1,0,0,0,0,0,1
416,0,0,0.35,0.015712554,0,0,1,0,1,0,0,0,0,0,1
417,1,0,0.425,0.063435775,0,1,0,0.2,1,0,0,0,0,0,1
418,1,0,0.225,0.02537431,0,1,0,0.2,0,0,0,1,0,0,1
419,0,1,0.375,0.02537431,0,1,0,0,1,0,0,0,0,0,1
420,0,0,0.125,0.047137661,0,0,1,0.2,0,0,0,1,0,0,1
421,0,1,0.35,0.015411575,0,0,1,0,1,0,0,0,1,0,0
422,0,1,0.2625,0.015094396,0,0,1,0,1,0,0,0,0,1,0
423,0,1,0.3625,0.015370976,0,0,1,0,1,0,0,0,0,0,1
424,0,0,0.35,0.028106928,0,0,1,0.2,1,0,0,0,0,0,1
425,0,1,0.225,0.039452173,0,0,1,0.2,1,0,0,0,0,0,1
426,0,1,0.35,0.014151058,0,0,1,0,1,0,0,0,0,0,1
427,1,0,0.35,0.05074862,0,1,0,0.1,1,0,0,0,0,0,1
428,1,0,0.2375,0.05074862,0,1,0,0,1,0,0,0,0,0,1
429,0,1,0.35,0.015126993,0,0,1,0,1,0,0,0,0,1,0
430,1,1,0.4,0.015712554,0,0,1,0,1,0,0,0,0,0,1
431,1,1,0.35,0.051822149,1,0,0,0,1,0,0,0,0,0,1
432,1,0,0.35,0.031425107,0,0,1,0.1,1,0,0,0,0,0,1
433,1,0,0.525,0.05074862,0,1,0,0.1,1,0,0,0,0,0,1
434,0,1,0.2125,0.013907074,0,0,1,0,1,0,0,0,0,0,1
435,0,1,0.625,0.109109533,1,0,0,0.1,1,0,0,0,0,0,1
436,1,0,0.175,0.234224401,1,0,0,0.3,0,0,0,1,0,0,1
437,0,0,0.2625,0.067095532,0,0,1,0.4,0,0,0,1,0,0,1
438,1,0,0.3,0.036597563,0,1,0,0.5,1,0,0,0,0,0,1
439,0,1,0.8,0.513341812,1,0,0,0.5,1,0,0,0,0,0,1
440,0,1,0.3875,0.020494635,0,1,0,0,1,0,0,0,0,0,1
441,1,0,0.5625,0.051236588,0,1,0,0.2,1,0,0,0,0,0,1
442,0,1,0.25,0.018542765,0,0,1,0,1,0,0,0,0,0,1
443,0,1,0.3125,0.015175789,0,0,1,0.1,1,0,0,0,0,0,1
444,1,0,0.35,0.02537431,0,1,0,0,0,1,0,0,0,0,1
445,1,1,0.35,0.015834545,0,0,1,0,1,0,0,0,0,0,1
446,1,1,0.05,0.159776761,1,0,0,0.2,0,0,1,0,0,0,1
447,1,0,0.1625,0.038061465,0,1,0,0.1,0,0,0,1,0,0,1
448,1,1,0.425,0.051822149,1,0,0,0,1,0,0,0,0,0,1
449,1,0,0.0625,0.037589698,0,0,1,0.3,0,0,0,1,1,0,0
450,1,1,0.65,0.059532035,1,0,0,0,1,0,0,0,0,0,1
451,0,1,0.45,0.054164393,0,1,0,0.3,1,0,0,0,0,0,1
452,0,1,0.35,0.038972403,0,0,1,0.1,1,0,0,0,0,0,1
453,0,1,0.375,0.054164393,1,0,0,0,1,0,0,0,1,0,0
454,1,1,0.6125,0.173919816,1,0,0,0.1,1,0,0,0,1,0,0
455,0,1,0.35,0.015712554,0,0,1,0,1,0,0,0,0,0,1
456,1,1,0.3625,0.015411575,0,0,1,0,1,0,0,0,1,0,0
457,0,1,0.8125,0.051822149,1,0,0,0,1,0,0,0,0,0,1
458,1,0,0.35,0.101228858,1,0,0,0.1,1,0,0,0,0,0,1
459,1,0,0.625,0.020494635,0,1,0,0,0,0,0,1,0,0,1
460,0,1,0.35,0.015126993,0,0,1,0,1,0,0,0,0,1,0
461,1,1,0.6,0.051822149,1,0,0,0,1,0,0,0,0,0,1
462,0,1,0.425,0.015712554,0,0,1,0,1,0,0,0,0,0,1
463,0,1,0.5875,0.075146995,1,0,0,0,1,0,0,0,0,0,1
464,0,1,0.6,0.02537431,0,1,0,0,1,0,0,0,0,0,1
465,0,1,0.35,0.015712554,0,0,1,0,1,0,0,0,0,0,1
466,0,1,0.475,0.013760684,0,0,1,0,1,0,0,0,0,0,1
467,0,1,0.35,0,0,1,0,0,1,0,0,0,0,0,1
468,0,1,0.7,0.051822149,1,0,0,0,1,0,0,0,0,0,1
469,0,1,0.35,0.015078196,0,0,1,0,1,0,0,0,0,1,0
470,1,0,0.009375,0.037589698,0,0,1,0.3,0,0,0,1,1,0,0
471,0,1,0.35,0.014151058,0,0,1,0,1,0,0,0,0,0,1
472,0,1,0.475,0.016908074,0,0,1,0,1,0,0,0,0,0,1
473,1,0,0.4125,0.054164393,0,1,0,0.3,1,0,0,0,0,0,1
474,1,0,0.2875,0.026919606,0,1,0,0,1,0,0,0,1,0,0
475,0,0,0.275,0.019201521,0,0,1,0,0,0,0,1,0,0,1
476,0,1,0.35,0.10149724,1,0,0,0,1,0,0,0,0,0,1
477,0,1,0.425,0.04098927,0,1,0,0.1,1,0,0,0,0,0,1
478,0,1,0.3625,0.013752486,0,0,1,0.1,1,0,0,0,0,0,1
479,0,1,0.275,0.014679624,0,0,1,0,1,0,0,0,0,0,1
480,1,0,0.025,0.023983603,0,0,1,0.1,0,0,0,1,0,0,1
481,0,1,0.1125,0.091542703,0,0,1,0.7,0,0,1,0,0,0,1
482,0,1,0.35,0,0,1,0,0,1,0,0,0,0,0,1
483,0,1,0.625,0.015712554,0,0,1,0,1,0,0,0,0,0,1
484,1,0,0.7875,0.018713554,0,0,1,0,1,0,0,0,0,0,1
485,1,1,0.3125,0.177774759,1,0,0,0.1,1,0,0,0,1,0,0
486,0,0,0.35,0.049707688,0,0,1,0.4,0,0,0,1,0,0,1
487,1,0,0.4375,0.175668301,1,0,0,0.1,1,0,0,0,0,0,1
488,0,1,0.725,0.057970539,1,0,0,0,1,0,0,0,1,0,0
489,0,1,0.375,0.015712554,0,0,1,0,1,0,0,0,0,0,1
490,1,1,0.1125,0.031034733,0,0,1,0.2,0,0,1,0,0,0,1
491,0,1,0.35,0.038972403,0,0,1,0.1,1,0,0,0,0,0,1
492,0,1,0.2625,0.014151058,0,0,1,0,1,0,0,0,0,0,1
493,0,1,0.6875,0.059532035,1,0,0,0,1,0,0,0,0,0,1
494,0,1,0.8875,0.096625763,1,0,0,0,1,0,0,0,1,0,0
495,0,1,0.2625,0.015712554,0,0,1,0,1,0,0,0,0,0,1
496,0,1,0.35,0.028220722,0,0,1,0,1,0,0,0,1,0,0
497,1,0,0.675,0.152766424,1,0,0,0.1,0,0,0,1,1,0,0
498,0,1,0.35,0.029473237,0,0,1,0,1,0,0,0,0,0,1
499,0,0,0.3125,0.2958059,1,0,0,0.3,1,0,0,0,0,0,1
500,0,1,0.3,0.015216388,0,0,1,0,1,0,0,0,0,0,1
501,0,1,0.2125,0.016908074,0,0,1,0,1,0,0,0,0,0,1
502,0,0,0.2625,0.015126993,0,0,1,0,0,0,0,1,0,1,0
503,0,0,0.35,0.014891207,0,0,1,0,0,0,0,1,0,1,0
504,0,0,0.4625,0.018713554,0,0,1,0,0,0,0,1,0,0,1
505,1,0,0.2,0.168836756,1,0,0,0,0,0,0,1,0,0,1
506,0,1,0.225,0.212558644,1,0,0,0.1,1,0,0,0,1,0,0
507,1,0,0.4125,0.05074862,0,1,0,0.2,1,0,0,0,0,0,1
508,1,1,0.35,0.051822149,1,0,0,0,1,0,0,0,0,0,1
509,0,1,0.35,0.043965872,0,0,1,0,1,0,0,0,0,0,1
510,1,1,0.325,0.110272458,0,0,1,0,1,0,0,0,0,0,1
511,1,1,0.3625,0.015126993,0,0,1,0,1,0,0,0,0,1,0
512,0,1,0.35,0.015712554,0,0,1,0,1,0,0,0,0,0,1
513,1,1,0.45,0.051309783,1,0,0,0,1,0,0,0,0,0,1
514,1,0,0.675,0.115941079,1,0,0,0.1,1,0,0,0,1,0,0
515,0,1,0.3,0.014630827,0,0,1,0,1,0,0,0,0,0,1
516,0,1,0.5875,0.066404179,1,0,0,0,1,0,0,0,0,0,1
517,1,0,0.425,0.020494635,0,1,0,0,1,0,0,0,0,0,1
518,0,1,0.35,0.047137661,0,0,1,0,1,0,0,0,0,1,0
519,1,0,0.45,0.05074862,0,1,0,0.1,1,0,0,0,0,0,1
520,0,1,0.4,0.015411575,0,0,1,0,1,0,0,0,0,0,1
521,1,0,0.375,0.182499846,1,0,0,0,0,0,0,1,0,0,1
522,0,1,0.275,0.015411575,0,0,1,0,1,0,0,0,0,0,1
523,0,1,0.35,0.014102261,0,0,1,0,1,0,0,0,1,0,0
524,1,0,0.55,0.113167862,1,0,0,0.1,1,0,0,0,1,0,0
525,0,1,0.35,0.014110459,0,0,1,0,1,0,0,0,1,0,0
526,0,1,0.50625,0.015126993,0,0,1,0,1,0,0,0,0,1,0
527,1,0,0.625,0.020494635,0,1,0,0,0,0,0,1,0,0,1
528,0,1,0.35,0.432884169,1,0,0,0,1,0,0,0,0,0,1
529,0,1,0.4875,0.01546857,0,0,1,0,1,0,0,0,0,0,1
530,0,1,0.2875,0.022446505,0,1,0,0.3,1,0,0,0,0,0,1
531,1,0,0.025,0.05074862,0,1,0,0.2,0,0,0,1,0,0,1
532,0,1,0.35,0.014110459,0,0,1,0,1,0,0,0,1,0,0
533,0,1,0.2125,0.014110459,0,0,1,0.2,1,0,0,0,1,0,0
534,1,0,0.35,0.043640495,0,0,1,0.2,1,0,0,0,1,0,0
535,0,0,0.375,0.016908074,0,0,1,0,0,0,0,1,0,0,1
536,1,0,0.0875,0.051236588,0,1,0,0.2,0,0,0,1,0,0,1
537,0,1,0.5625,0.051822149,1,0,0,0,1,0,0,0,0,0,1
538,1,0,0.375,0.207727766,1,0,0,0,0,0,0,1,1,0,0
539,0,1,0.35,0.028302115,0,0,1,0,1,0,0,0,0,0,1
540,1,0,0.275,0.096617565,1,0,0,0.2,0,0,0,1,1,0,0
541,1,0,0.45,0.138582771,1,0,0,0.2,0,0,0,1,0,0,1
542,0,0,0.1125,0.061044735,0,0,1,0.6,0,0,0,1,0,0,1
543,0,0,0.1375,0.061044735,0,0,1,0.6,0,0,0,1,0,0,1
544,1,1,0.4,0.05074862,0,1,0,0.1,1,0,0,0,0,0,1
545,0,1,0.625,0.207727766,1,0,0,0.1,1,0,0,0,1,0,0
546,0,1,0.8,0.05074862,1,0,0,0,1,0,0,0,0,0,1
547,1,0,0.2375,0.05074862,0,1,0,0.1,1,0,0,0,0,0,1
548,1,1,0.35,0.027057798,0,1,0,0,1,0,0,0,1,0,0
549,0,1,0.4125,0.040062132,0,0,1,0.2,1,0,0,0,0,0,1
550,1,1,0.1,0.071731223,0,1,0,0.2,0,0,1,0,0,0,1
551,1,1,0.2125,0.216429788,1,0,0,0.2,1,0,0,0,1,0,0
552,0,1,0.3375,0.05074862,0,1,0,0,1,0,0,0,0,0,1
553,0,1,0.35,0.015281581,0,0,1,0,1,0,0,0,0,1,0
554,1,1,0.275,0.014102261,0,0,1,0,1,0,0,0,1,0,0
555,1,0,0.275,0.015175789,0,0,1,0,0,0,0,1,0,0,1
556,0,1,0.775,0.051822149,1,0,0,0,1,0,0,0,0,0,1
557,1,0,0.6,0.077294052,1,0,0,0.1,1,0,0,0,1,0,0
558,0,1,0.35,0.444099224,1,0,0,0,1,0,0,0,1,0,0
559,1,0,0.4875,0.155466446,1,0,0,0.2,1,0,0,0,0,0,1
560,1,0,0.45,0.033962538,0,0,1,0.1,1,0,0,0,0,0,1
561,0,1,0.35,0.015126993,0,0,1,0,1,0,0,0,0,1,0
562,0,1,0.5,0.015411575,0,0,1,0,1,0,0,0,0,0,1
563,0,1,0.35,0.026350245,0,1,0,0,1,0,0,0,0,0,1
564,0,1,0.35,0.015712554,0,0,1,0,1,0,0,0,0,0,1
565,0,0,0.35,0.015712554,0,0,1,0,0,0,0,1,0,0,1
566,0,1,0.3,0.047137661,0,0,1,0.2,1,0,0,0,0,0,1
567,0,1,0.2375,0.015411575,0,0,1,0,1,0,0,0,0,0,1
568,0,0,0.3625,0.04113566,0,0,1,0.4,1,0,0,0,0,0,1
569,0,1,0.35,0.014110459,0,0,1,0,1,0,0,0,1,0,0
570,1,1,0.4,0.015330377,0,0,1,0,1,0,0,0,0,0,1
571,1,1,0.775,0.020494635,0,1,0,0,1,0,0,0,0,0,1
572,1,0,0.6625,0.100480707,1,0,0,0.2,1,0,0,0,0,0,1
573,1,1,0.45,0.05150497,1,0,0,0,1,0,0,0,0,0,1
574,1,0,0.35,0.015126993,0,0,1,0,0,0,0,1,0,1,0
575,0,1,0.2,0.015712554,0,0,1,0,1,0,0,0,0,0,1
576,0,1,0.2375,0.028302115,0,0,1,0,1,0,0,0,0,0,1
577,1,0,0.425,0.02537431,0,1,0,0,0,0,0,1,0,0,1
578,1,0,0.4875,0.109109533,1,0,0,0.1,1,0,0,0,0,0,1
579,0,0,0.35,0.028220722,0,0,1,0.1,1,0,0,0,1,0,0
580,1,1,0.4,0.01546857,0,0,1,0,1,0,0,0,0,0,1
581,1,0,0.3125,0.0585561,0,1,0,0.2,0,0,0,1,0,0,1
582,1,0,0.4875,0.216429788,1,0,0,0.2,1,0,0,0,1,0,0
583,0,1,0.675,0.05074862,0,1,0,0,1,0,0,0,0,0,1
584,0,1,0.45,0.078318784,1,0,0,0,1,0,0,0,1,0,0
585,0,1,0.35,0.017005667,0,0,1,0,1,0,0,0,1,0,0
586,1,0,0.225,0.155466446,1,0,0,0.2,0,0,0,1,0,0,1
587,0,1,0.5875,0.02927805,0,1,0,0,1,0,0,0,0,0,1
588,1,1,0.75,0.154588105,1,0,0,0.2,1,0,0,0,1,0,0
589,0,1,0.275,0.015712554,0,0,1,0,1,0,0,0,0,0,1
590,0,1,0.35,0.015712554,0,0,1,0,1,0,0,0,0,0,1
591,0,1,0.4375,0.013907074,0,0,1,0,1,0,0,0,0,0,1
592,1,0,0.65,0.152766424,1,0,0,0.1,1,0,0,0,1,0,0
593,0,1,0.5875,0.014151058,0,0,1,0,1,0,0,0,0,0,1
594,0,0,0.35,0.015126993,0,0,1,0.2,0,0,0,1,0,1,0
595,0,1,0.4625,0.05074862,0,1,0,0.1,1,0,0,0,0,0,1
596,0,1,0.45,0.047137661,0,0,1,0.2,1,0,0,0,0,0,1
597,1,0,0.35,0.06441171,0,1,0,0,0,0,0,1,0,0,1
598,0,1,0.6125,0,0,0,1,0,1,0,0,0,0,0,1
599,0,1,0.35,0.014102261,0,0,1,0,1,0,0,0,1,0,0
600,1,1,0.6125,0.111118398,1,0,0,0.1,1,0,0,0,1,0,0
601,1,0,0.3,0.05270049,0,1,0,0.3,1,0,0,0,0,0,1
602,0,1,0.35,0.015411575,0,0,1,0,1,0,0,0,0,0,1
603,0,1,0.35,0.082759288,1,0,0,0,1,0,0,0,0,0,1
604,0,1,0.55,0.015712554,0,0,1,0,1,0,0,0,0,0,1
605,1,1,0.4375,0.051822149,1,0,0,0,1,0,0,0,1,0,0
606,0,1,0.45,0.030351579,0,0,1,0.1,1,0,0,0,0,0,1
607,0,1,0.375,0.015411575,0,0,1,0,1,0,0,0,0,0,1
608,1,1,0.3375,0.059532035,1,0,0,0,1,0,0,0,0,0,1
609,1,0,0.275,0.081157193,0,1,0,0.3,1,0,0,0,1,0,0
610,1,0,0.5,0.299538851,1,0,0,0,0,0,0,1,0,0,1
611,0,0,0.4875,0.061044735,0,0,1,0.6,1,0,0,0,0,0,1
612,0,1,0.35,0.013760684,0,0,1,0,1,0,0,0,0,0,1
613,1,0,0.35,0.030253985,0,0,1,0.1,0,0,0,1,0,1,0
614,0,1,0.35,0.015126993,0,0,1,0,1,0,0,0,0,1,0
615,0,1,0.4375,0.015712554,0,0,1,0,1,0,0,0,0,0,1
616,1,0,0.3,0.126871551,0,1,0,0.3,0,0,0,1,0,0,1
617,0,1,0.425,0.028106928,0,0,1,0.2,1,0,0,0,0,0,1
618,0,0,0.325,0.031425107,0,0,1,0.1,1,0,0,0,0,0,1
619,1,0,0.05,0.07612293,0,1,0,0.3,0,0,0,1,0,0,1
620,0,1,0.325,0.020494635,0,1,0,0,1,0,0,0,0,0,1
621,0,1,0.3375,0.028212719,0,0,1,0.1,1,0,0,0,1,0,0
622,1,1,0.525,0.102578967,1,0,0,0.1,1,0,0,0,0,0,1
623,1,1,0.25,0.030725752,0,0,1,0.2,1,0,0,0,1,0,0
624,0,1,0.2625,0.015330377,0,0,1,0,1,0,0,0,0,0,1
625,0,1,0.2625,0.031425107,0,0,1,0,1,0,0,0,0,0,1
626,0,1,0.7625,0.063086,1,0,0,0,1,0,0,0,0,0,1
627,0,1,0.7125,0.024105595,0,1,0,0,1,0,0,0,0,1,0
628,1,0,0.2625,0.152164468,1,0,0,0,0,0,0,1,0,0,1
629,0,1,0.325,0.015411575,0,0,1,0,1,0,0,0,0,0,1
630,0,1,0.35,0.015094396,0,0,1,0,1,0,0,0,0,1,0
631,1,1,1,0.0585561,1,0,0,0,1,0,0,0,0,0,1
632,0,1,0.6375,0.013768881,0,0,1,0,1,0,0,0,0,0,1
633,1,1,0.4,0.059532035,1,0,0,0,1,0,0,0,1,0,0
634,0,1,0.35,0,1,0,0,0,1,0,0,0,0,0,1
635,0,0,0.1125,0.054457173,0,0,1,0.5,0,0,0,1,0,0,1
636,1,0,0.35,0.02537431,0,1,0,0,0,0,0,1,0,0,1
637,0,1,0.4,0.01546857,0,0,1,0,1,0,0,0,0,0,1
638,0,1,0.3875,0.051236588,0,1,0,0.2,1,0,0,0,0,0,1
639,0,0,0.5125,0.077464841,0,0,1,0.5,1,0,0,0,0,0,1
640,0,1,0.35,0.031425107,0,0,1,0.1,1,0,0,0,0,0,1
641,0,1,0.25,0.015330377,0,0,1,0,1,0,0,0,0,0,1
642,1,0,0.3,0.135264592,1,0,0,0,0,1,0,0,1,0,0
643,0,0,0.025,0.054457173,0,0,1,0.5,0,0,0,1,0,0,1
644,1,1,0.35,0.110272458,0,0,1,0,1,0,0,0,0,0,1
645,1,0,0.009375,0.037589698,0,0,1,0.3,0,0,0,1,1,0,0
646,1,1,0.6,0.149765424,1,0,0,0.1,1,0,0,0,1,0,0
647,0,1,0.2375,0.015411575,0,0,1,0,1,0,0,0,0,0,1
648,1,1,0.7,0.069291385,1,0,0,0,1,0,0,0,1,0,0
649,0,1,0.35,0.014736619,0,0,1,0,1,0,0,0,0,0,1
650,1,0,0.2875,0.014736619,0,0,1,0,0,0,0,1,0,0,1
651,0,1,0.35,0.015411575,0,0,1,0,1,0,0,0,0,0,1
652,1,0,0.225,0.04489301,0,1,0,0.1,0,0,0,1,0,0,1
653,0,1,0.2625,0.016460705,0,0,1,0,1,0,0,0,0,0,1
654,1,0,0.35,0.015281581,0,0,1,0,0,0,0,1,0,1,0
655,0,0,0.225,0.013175123,0,0,1,0,0,0,0,1,0,1,0
656,0,1,0.3,0.143462446,0,1,0,0.2,1,0,0,0,0,0,1
657,0,1,0.35,0.015411575,0,0,1,0,1,0,0,0,0,0,1
658,0,0,0.4,0.030253985,0,0,1,0.2,1,0,0,0,0,1,0
659,0,1,0.2875,0.02537431,0,1,0,0,1,0,0,0,0,0,1
660,0,1,0.725,0.221098075,1,0,0,0.2,1,0,0,0,1,0,0
661,1,1,0.625,0.260867427,1,0,0,0.2,1,0,0,0,0,0,1
662,0,1,0.5,0.014102261,0,0,1,0,1,0,0,0,1,0,0
663,0,1,0.5875,0.049943474,1,0,0,0,1,0,0,0,0,0,1
664,0,1,0.45,0.014630827,0,0,1,0,1,0,0,0,0,0,1
665,1,1,0.25,0.01546857,0,0,1,0.1,1,0,0,0,0,0,1
666,0,1,0.4,0.143462446,0,1,0,0.2,1,0,0,0,0,0,1
667,0,1,0.3125,0.02537431,0,1,0,0,1,0,0,0,0,0,1
668,0,1,0.35,0.015175789,0,0,1,0,1,0,0,0,0,0,1
669,0,1,0.5375,0.015712554,0,0,1,0,1,0,0,0,0,0,1
670,1,0,0.35,0.10149724,1,0,0,0.1,1,0,0,0,0,0,1
671,1,0,0.5,0.07612293,0,1,0,0.2,1,0,0,0,0,0,1
672,0,1,0.3875,0.10149724,1,0,0,0.1,1,0,0,0,0,0,1
673,0,1,0.875,0.020494635,0,1,0,0,1,0,0,0,0,0,1
674,1,1,0.3875,0.02537431,0,1,0,0,1,0,0,0,0,0,1
675,0,1,0.35,0,0,1,0,0,1,0,0,0,0,0,1
676,0,1,0.225,0.015175789,0,0,1,0,1,0,0,0,0,0,1
677,0,1,0.30625,0.015712554,0,0,1,0,1,0,0,0,0,0,1
678,1,0,0.225,0.019209719,0,0,1,0,0,0,0,1,0,0,1
679,0,0,0.5375,0.091542703,0,0,1,0.7,1,0,0,0,0,0,1
680,1,1,0.45,1,1,0,0,0.1,1,0,0,0,1,0,0
681,0,0,0.35,0.015883342,0,0,1,0,0,0,0,1,0,1,0
682,1,1,0.3375,0.149765424,1,0,0,0,1,0,0,0,1,0,0
683,0,1,0.25,0.018006001,0,0,1,0,1,0,0,0,0,0,1
684,0,1,0.175,0.091542703,0,0,1,0.7,1,0,0,0,0,0,1
685,0,1,0.75,0.07612293,0,1,0,0.2,1,0,0,0,0,0,1
686,0,1,0.3125,0.081157193,0,1,0,0.3,1,0,0,0,1,0,0
687,0,1,0.175,0.077464841,0,0,1,0.5,1,0,0,0,0,0,1
688,0,1,0.2375,0.019852079,0,0,1,0,1,0,0,0,0,0,1
689,0,1,0.225,0.015216388,0,0,1,0,1,0,0,0,0,0,1
690,1,0,0.1875,0.412503328,1,0,0,0.1,0,0,0,1,0,0,1
691,1,1,0.3875,0.11125659,1,0,0,0.1,1,0,0,0,0,0,1
692,1,0,0.05,0.026187654,0,0,1,0.1,0,0,0,1,1,0,0
693,1,1,0.35,0.110272458,0,0,1,0,1,0,0,0,0,0,1
694,0,1,0.3125,0.014102261,0,0,1,0,1,0,0,0,1,0,0
695,0,1,0.75,0.051822149,1,0,0,0,1,0,0,0,0,0,1
696,0,1,0.65,0.026350245,0,1,0,0,1,0,0,0,0,0,1
697,0,1,0.55,0.015712554,0,0,1,0,1,0,0,0,0,0,1
698,1,0,0.35,0.015094396,0,0,1,0,0,0,0,1,0,1,0
699,0,1,0.6125,0.216429788,1,0,0,0.2,1,0,0,0,1,0,0
700,0,1,0.525,0.014931806,0,0,1,0,1,0,0,0,0,0,1
701,1,0,0.225,0.444099224,1,0,0,0.1,1,0,0,0,1,0,0
702,1,1,0.4375,0.051309783,1,0,0,0,1,0,0,0,0,0,1
703,0,0,0.225,0.028212719,0,0,1,0.1,0,0,0,1,1,0,0
704,0,1,0.3125,0.015110792,0,0,1,0,1,0,0,0,0,1,0
705,0,1,0.325,0.015330377,0,0,1,0.1,1,0,0,0,0,0,1
706,0,1,0.4875,0.05074862,0,1,0,0,1,0,0,0,0,0,1
707,1,0,0.5625,0.026350245,0,1,0,0,1,0,0,0,0,0,1
708,1,1,0.525,0.051309783,1,0,0,0,1,0,0,0,0,0,1
709,1,0,0.275,0.2958059,1,0,0,0,0,0,0,1,0,0,1
710,1,1,0.35,0.02975782,0,0,1,0.2,0,0,1,0,1,0,0
711,1,0,0.3,0.096625763,1,0,0,0,1,0,0,0,1,0,0
712,0,1,0.35,0.051822149,1,0,0,0,1,0,0,0,0,0,1
713,1,1,0.6,0.10149724,1,0,0,0.1,1,0,0,0,0,0,1
714,0,1,0.3625,0.018510169,0,0,1,0,1,0,0,0,0,0,1
715,0,1,0.65,0.02537431,0,1,0,0,1,0,0,0,0,0,1
716,0,1,0.2375,0.014931806,0,0,1,0,1,0,0,0,0,0,1
717,1,0,0.475,0.444099224,1,0,0,0,0,0,0,1,1,0,0
718,1,0,0.3375,0.020494635,0,1,0,0,0,0,0,1,0,0,1
719,0,1,0.35,0.030253985,0,0,1,0,1,0,0,0,0,1,0
720,0,1,0.4125,0.015175789,0,0,1,0,1,0,0,0,0,0,1
721,1,0,0.075,0.06441171,0,1,0,0.1,0,0,0,1,0,0,1
722,0,1,0.2125,0.013768881,0,0,1,0.1,1,0,0,0,0,0,1
723,0,1,0.425,0.02537431,0,1,0,0,1,0,0,0,0,0,1
724,0,1,0.625,0.02537431,0,1,0,0,1,0,0,0,0,0,1
725,1,1,0.3375,0.103644297,1,0,0,0.1,1,0,0,0,0,0,1
726,0,1,0.25,0.016908074,0,0,1,0,1,0,0,0,0,0,1
727,1,0,0.375,0.04098927,0,1,0,0.3,1,0,0,0,0,0,1
728,1,0,0.35,0.015102594,0,0,1,0,0,0,0,1,0,1,0
729,0,1,0.3125,0.05074862,0,1,0,0.1,1,0,0,0,0,0,1
730,0,0,0.3125,0.01546857,0,0,1,0.1,0,0,0,1,0,0,1
731,1,0,0.3625,0.412503328,1,0,0,0,0,0,0,1,0,0,1
732,0,1,0.1375,0.036670758,0,0,1,0,1,0,0,0,1,0,0
733,0,1,0.35,0,0,1,0,0,1,0,0,0,0,0,1
734,0,1,0.2875,0.02537431,0,1,0,0,1,0,0,0,0,0,1
735,0,1,0.2875,0.02537431,0,1,0,0,1,0,0,0,0,0,1
736,0,1,0.35625,0.031425107,0,0,1,0,1,0,0,0,0,0,1
737,0,0,0.6,0.067095532,0,0,1,0.4,1,0,0,0,0,0,1
738,1,1,0.4375,1,1,0,0,0,1,0,0,0,1,0,0
739,0,1,0.35,0.015411575,0,0,1,0,1,0,0,0,0,0,1
740,0,1,0.35,0.015411575,0,0,1,0,1,0,0,0,0,0,1
741,1,1,0.35,0.0585561,1,0,0,0,1,0,0,0,0,0,1
742,0,1,0.45,0.15390495,1,0,0,0.1,1,0,0,0,0,0,1
743,1,0,0.2625,0.512121894,1,0,0,0.4,0,0,0,1,1,0,0
744,0,1,0.3,0.031425107,0,0,1,0.1,1,0,0,0,0,0,1
745,1,1,0.3875,0.01546857,0,0,1,0,1,0,0,0,0,0,1
746,0,1,0.875,0.138582771,1,0,0,0.2,1,0,0,0,0,0,1
747,0,1,0.2,0.039525368,0,0,1,0.2,1,0,0,0,0,0,1
748,1,0,0.375,0.02537431,0,1,0,0,0,0,0,1,0,0,1
749,0,1,0.2375,0.103644297,1,0,0,0.1,1,0,0,0,0,0,1
750,0,1,0.3875,0.015126993,0,0,1,0,1,0,0,0,0,1,0
751,1,0,0.05,0.04489301,0,1,0,0.2,0,0,0,1,0,0,1
752,1,1,0.075,0.024349578,0,0,1,0.1,0,0,1,0,0,0,1
753,0,1,0.4125,0.018542765,0,0,1,0,1,0,0,0,0,0,1
754,0,1,0.2875,0.015411575,0,0,1,0,1,0,0,0,0,0,1
755,1,0,0.6,0.126871551,0,1,0,0.3,1,0,0,0,0,0,1
756,1,1,0.008375,0.028302115,0,1,0,0.2,0,0,1,0,0,0,1
757,0,1,0.35,0.015216388,0,0,1,0,1,0,0,0,0,0,1
758,0,1,0.225,0.022446505,0,1,0,0,1,0,0,0,0,0,1
759,0,1,0.425,0.015712554,0,0,1,0,1,0,0,0,0,0,1
760,1,0,0.4125,0.168836756,1,0,0,0,0,1,0,0,0,0,1
761,0,1,0.35,0.028302115,0,0,1,0,1,0,0,0,0,0,1
762,0,1,0.5125,0.013907074,0,0,1,0,1,0,0,0,0,0,1
763,1,1,0.25,0.014110459,0,0,1,0,1,0,0,0,1,0,0
764,1,0,0.45,0.234224401,1,0,0,0.3,1,0,0,0,0,0,1
765,0,1,0.2,0.015175789,0,0,1,0,1,0,0,0,0,0,1
766,1,0,0.6375,0.152164468,1,0,0,0.1,1,0,0,0,0,0,1
767,0,1,0.35,0.077294052,1,0,0,0,1,0,0,0,1,0,0
768,0,0,0.38125,0.015126993,0,0,1,0,0,0,0,1,0,1,0
769,0,1,0.35,0.047137661,0,0,1,0.1,1,0,0,0,0,1,0
770,0,1,0.4,0.016322513,0,0,1,0,1,0,0,0,0,0,1
771,0,1,0.3,0.018542765,0,0,1,0,1,0,0,0,0,0,1
772,0,1,0.6,0.015330377,0,0,1,0,1,0,0,0,0,0,1
773,0,0,0.7125,0.020494635,0,1,0,0,1,0,0,0,0,0,1
774,0,1,0.35,0.014102261,0,0,1,0,1,0,0,0,1,0,0
775,1,0,0.675,0.04489301,0,1,0,0.4,1,0,0,0,0,0,1
776,0,1,0.225,0.015126993,0,0,1,0,1,0,0,0,0,0,1
777,0,1,0.35,0.015126993,0,0,1,0,1,0,0,0,0,1,0
778,1,0,0.0625,0.024349578,0,0,1,0,0,0,0,1,0,0,1
779,0,1,0.35,0.015102594,0,0,1,0,1,0,0,0,0,1,0
780,1,0,0.5375,0.412503328,1,0,0,0.1,1,0,0,0,0,0,1
781,1,0,0.1625,0.014110459,0,0,1,0,0,0,0,1,1,0,0
782,1,0,0.2125,0.11125659,1,0,0,0.1,1,0,0,0,0,0,1
783,0,1,0.3625,0.0585561,1,0,0,0,1,0,0,0,0,0,1
784,0,1,0.35,0.045771352,0,0,1,0.3,1,0,0,0,0,0,1
785,0,1,0.3125,0.013760684,0,0,1,0,1,0,0,0,0,0,1
786,0,1,0.3125,0.014151058,0,0,1,0,1,0,0,0,0,0,1
787,1,0,0.225,0.014630827,0,0,1,0,0,0,0,1,0,0,1
788,0,1,0.1,0.056848214,0,0,1,0.5,0,0,1,0,0,1,0
789,1,1,0.0125,0.040159725,0,0,1,0.3,0,0,1,0,0,0,1
790,0,1,0.575,0.154588105,1,0,0,0,1,0,0,0,1,0,0
791,0,1,0.35,0.015126993,0,0,1,0,1,0,0,0,0,1,0
792,0,1,0.2,0.05074862,0,1,0,0,1,0,0,0,0,0,1
