{
    "Registrations": [
        {
            "component": {
                "type": "git",
                "git": {
                    "repositoryUrl": "https://github.com/BLAKE2/BLAKE2",
                    "commitHash": "997fa5ba1e14b52c554fb03ce39e579e6f27b90c"
                }
            }
        },
        {
            "component": {
                "type": "git",
                "git": {
                    "repositoryUrl": "https://github.com/pq-crystals/kyber",
                    "commitHash": "844057468e69527bd15b17fbe03f4b61f9a22065"
                }
            }
        }
    ]
}
